{"cameraMode":{"drawMode":0,"name":"Shaded","section":"Shading Mode"},"sceneLighting":true,"audioPlay":false,"sceneViewState":{"showFog":true,"showMaterialUpdate":false,"showSkybox":true,"showFlares":true,"showImageEffects":true,"showParticleSystems":true},"in2DMode":false,"pivot":{"x":28.661121368408204,"y":386.736083984375,"z":-291.661865234375},"rotation":{"x":-0.38876447081565859,"y":-0.009124020114541054,"z":0.0038511028978973629,"w":-0.9212884306907654},"size":933.9360961914063,"orthographic":false}