{"cameraMode":{"drawMode":0,"name":"Shaded","section":"Shading Mode"},"sceneLighting":true,"audioPlay":false,"sceneViewState":{"showFog":true,"showMaterialUpdate":false,"showSkybox":true,"showFlares":true,"showImageEffects":true,"showParticleSystems":true},"in2DMode":false,"pivot":{"x":2.018667221069336,"y":1264.1011962890625,"z":-270.3481140136719},"rotation":{"x":-0.6561316251754761,"y":-0.01313090417534113,"z":0.01142087858170271,"w":-0.75445157289505},"size":2149.78564453125,"orthographic":false}